id,date_time
54b5c16479881025bee962bf,2015-01-14T00:00:00Z
54dd0e7b7988107ed47f2e6f,2015-02-12T00:00:00Z
54a7457279881073e8913b96,2015-01-03T00:00:00Z
54c6b4e3798810239ad25345,2015-01-27T00:00:00Z
54c8e3fb79881078889c7891,2015-01-29T00:00:00Z
54ae93667988105cf60962d4,2015-01-08T09:14:20Z
5488e6867988104c17459f7d,2014-12-11T00:00:00Z
4fd267108eb7c8105d81c1d0,2006-02-07T00:00:00Z
54d315547988105ae2aa8c31,2015-02-05T00:00:00Z
54b39f0279881019b02c29fa,2006-05-05T00:00:00Z
4fd39e2f8eb7c8105d8e084e,2010-12-10T16:20:02Z
547144b87988107046476fe9,2009-02-20T00:00:00Z
4fd158188eb7c8105d63c61a,1985-05-05T00:00:00Z
547990037988105199668fe1,2008-10-30T00:00:00Z
5477bc0979881006dca8b1f1,2008-09-10T00:00:00Z
54da2fe47988101cabd80d16,2015-02-11T00:00:00Z
4fd15c478eb7c8105d6432fe,1985-05-05T00:00:00Z
4fd2351e8eb7c8105d7c63f8,2004-02-03T00:00:00Z
548e350079881018ac4b9e7d,2007-01-25T00:00:00Z
4fd1152c8eb7c8105d5cacd5,1980-11-16T00:00:00Z
5.47900987988105e+25,2008-10-15T00:00:00Z
4fd156a48eb7c8105d63b039,1986-08-03T00:00:00Z
54ce576c79881063e978c392,2015-02-02T00:00:00Z
4fc0c86745c1498b0d472a26,1931-12-31T00:00:00Z
4fc0bbbf45c1498b0d43a256,1931-04-04T00:00:00Z
4fd147b08eb7c8105d623a74,1985-01-27T00:00:00Z
4fc0c67c45c1498b0d46a80f,1931-09-03T00:00:00Z
4fc0ca1745c1498b0d47ae9c,1931-11-17T00:00:00Z
54b0f5507988100e21966764,2006-08-18T00:00:00Z
4fc0ae2645c1498b0d3fa619,1930-09-14T00:00:00Z
4fd159428eb7c8105d63df31,1985-03-08T00:00:00Z
54dd11c07988107ed47f2eaf,2015-02-12T00:00:00Z
4fd1fe938eb7c8105d75f6f1,1997-08-07T00:00:00Z
4fc0c0ed45c1498b0d4525d2,1927-12-04T00:00:00Z
4fd1f3858eb7c8105d74bb0d,1996-10-29T00:00:00Z
54ac79cf79881024465cf20f,2015-01-07T00:00:00Z
4fd3a2b68eb7c8105d8eb049,2012-01-31T07:10:16Z
54dba92d79881062fc3b4b0f,2015-02-11T14:06:33Z
54dd38f97988107ed47f3194,2015-02-12T10:04:42Z
54d34c117988105ae2aa8ee3,2015-02-05T05:52:01Z
54c9879079881036118ed2fb,2015-01-29T00:00:00Z
54ca934979881068566a0f96,2015-01-30T00:00:00Z
52b915677988100ef6dd0a5d,2013-12-24T00:01:31Z
54c2c5c27988105978d81c67,2015-01-23T17:03:37Z
4fd1b09b8eb7c8105d6d222f,1990-10-04T00:00:00Z
516736f2fdc5925124001a6c,2013-04-11T18:16:32Z
4fd1ddfd8eb7c8105d721085,1993-05-28T00:00:00Z
4fd194638eb7c8105d69f989,1990-10-03T00:00:00Z
54d4b2da79881040526729f1,2015-02-07T00:00:00Z
4fbfeaeb45c1498b0d071afe,1871-12-30T00:03:58Z
549f2be479881001534d1fa8,2014-12-27T16:58:05Z
4fd1de018eb7c8105d72147b,1993-08-04T00:00:00Z
4fd19b958eb7c8105d6ac5a8,1990-10-18T00:00:00Z
4fd164f28eb7c8105d651fbe,1987-01-06T00:00:00Z
4fd194668eb7c8105d69fbc9,1990-10-13T00:00:00Z
549d81b87988103babf08bbd,2014-12-26T10:40:16Z
4fd1b09b8eb7c8105d6d21fb,1990-10-17T00:00:00Z
4fd2b4ad8eb7c8105d8a6c40,2009-01-14T00:00:00Z
54b64f1179881025bee96463,2015-01-15T00:00:00Z
4fd39e9e8eb7c8105d8e1812,2011-03-17T06:04:12Z
548616487988101981f9eb2c,2007-10-12T00:00:00Z
4fd39d928eb7c8105d8df25e,2010-11-12T18:34:39Z
4fd173ac8eb7c8105d6682ef,1987-01-06T00:00:00Z
4fc4197945c1498b0d911777,1963-06-03T00:00:00Z
4fd1655c8eb7c8105d652502,1986-07-19T00:00:00Z
4fd184518eb7c8105d6830c3,1989-07-16T00:00:00Z
4fd17e238eb7c8105d678ab2,1988-12-02T00:00:00Z
54b9b42e7988105027ba22c4,2015-01-17T00:00:00Z
4fd1970b8eb7c8105d6a4c09,1990-10-09T00:00:00Z
4fd18d958eb7c8105d69228e,1989-07-27T00:00:00Z
54008f8a798810254dbb96cd,2011-09-02T00:00:00Z
548e508779881018ac4ba109,2007-01-28T00:00:00Z
54aac60b7988106d7446cebe,2015-01-05T12:11:00Z
54b08d937988100e21965a25,2006-08-03T00:00:00Z
540b4a197988105a10ca7ff3,2011-03-02T00:00:00Z
546f8c5d79881031a977ed5a,2014-11-22T00:00:00Z
5420f4aa7988104c4a501ce6,2010-11-28T00:00:00Z
5420d7347988104c4a501a5d,2010-11-21T00:00:00Z
540fdf12798810138774a2b3,2011-03-02T00:00:00Z
545c0cb379881039320ed1e9,2006-06-05T00:00:00Z
5411b8387988106b6abec0fc,2011-08-28T00:00:00Z
54cfa65179881002ee7b49aa,2015-02-03T00:00:00Z
515b5741fdc59278db00871a,2012-05-23T00:00:00Z
540362487988105a0bd3f432,2011-11-20T00:00:00Z
5492b73379881005eed9d4b9,2014-12-18T06:13:43Z
54ae81107988105cf6096062,2006-07-16T00:00:00Z
4fd18eeb8eb7c8105d694914,1988-02-21T00:00:00Z
515b8754fdc59278db00bef9,2011-11-24T00:00:00Z
5400c0d779881068a1947940,2011-09-08T00:00:00Z
515b8808fdc59278db00bfbc,2011-11-22T00:00:00Z
5398e4a17988101c1f00b60c,2014-06-12T00:00:00Z
4fd1af438eb7c8105d6cf942,1990-06-03T00:00:00Z
54119db479881060c5af956b,2011-08-23T00:00:00Z
548688f17988101981f9f023,2014-12-09T00:00:00Z
548b8c2679881004157bba3c,2007-06-20T00:00:00Z
53f8d68479881001aab769b6,2012-07-16T20:55:00Z
54b16e8f798810617c69951e,2015-01-11T00:00:00Z
54ae5d6a7988105cf6095bab,2006-07-11T00:00:00Z
545c0f2c79881039320ed225,2006-12-22T00:00:00Z
4fd292e78eb7c8105d86c6ee,2011-11-13T00:00:00Z
515b880cfdc59278db00bfc2,2011-11-22T00:00:00Z
5135f3eacf28d009de003814,2013-03-05T06:00:15Z
4fd2a3868eb7c8105d889730,2011-11-21T00:00:00Z
515b9196fdc59278db00cb6e,2011-10-19T00:00:00Z
515b63d9fdc59278db009642,2012-04-04T00:00:00Z
5436de9979881057847f98aa,2010-01-19T00:00:00Z
4fd3a1e58eb7c8105d8e933c,2011-11-21T15:55:37Z
54ce743c79881002ee7b46eb,2015-02-01T13:44:26Z
4fc1d31d45c1498b0d4b03dd,1933-09-19T00:00:00Z
515b544dfdc59278db00837c,2012-06-04T00:00:00Z
4fd1b23a8eb7c8105d6d53f5,1990-10-03T00:00:00Z
4fd194628eb7c8105d69f8e6,1990-10-10T00:00:00Z
547e78c47988107cec11b732,2008-02-27T00:00:00Z
5087244595e998af71186d86,2012-10-15T12:14:42Z
4fc0882545c1498b0d348851,1925-03-16T00:00:00Z
4fd1b1608eb7c8105d6d391e,1990-10-10T00:00:00Z
515b88bafdc59278db00c08b,2011-11-19T00:00:00Z
4fc06f0f45c1498b0d2d2b62,1919-04-11T00:00:00Z
515b880afdc59278db00bfc0,2011-11-22T00:00:00Z
4fd2b9f38eb7c8105d8affc4,2011-11-22T00:00:00Z
5436f2a879881057847f9a80,2010-01-21T00:00:00Z
4fd1d03d8eb7c8105d7093eb,1997-05-03T00:00:00Z
4fc094ca45c1498b0d3842dc,1920-11-16T00:00:00Z
4fd154a68eb7c8105d638283,1984-08-06T00:00:00Z
4fd1b0988eb7c8105d6d1f95,1990-10-10T00:00:00Z
4fd1b09b8eb7c8105d6d21fe,1990-10-17T00:00:00Z
4fd1b0988eb7c8105d6d1f90,1990-10-10T00:00:00Z
4fd1b2388eb7c8105d6d52a1,1990-10-14T00:00:00Z
4fd204dd8eb7c8105d76c52c,1998-01-30T00:00:00Z
549d9f807988105ced78859c,2014-12-26T12:44:40Z
4fd1bd3c8eb7c8105d6e99f3,1993-08-03T00:00:00Z
4fd18e9a8eb7c8105d694498,1990-01-28T00:00:00Z
4fd1970b8eb7c8105d6a4c1a,1990-10-16T00:00:00Z
4fd19b9a8eb7c8105d6ac86c,1990-10-08T00:00:00Z
4fd1bd418eb7c8105d6e9d94,1993-08-07T00:00:00Z
4fd1b15c8eb7c8105d6d360c,1990-10-18T00:00:00Z
4fd1b0948eb7c8105d6d1d0d,1990-10-07T00:00:00Z
4fd1b15e8eb7c8105d6d37a0,1990-10-07T00:00:00Z
4fd1945d8eb7c8105d69f560,1990-10-09T00:00:00Z
4fc07d9845c1498b0d319e3e,1922-11-22T00:00:00Z
4fc07d9845c1498b0d319e71,1922-11-18T00:00:00Z
4fd17ed08eb7c8105d679cd2,1987-06-21T00:00:00Z
4fd1b23c8eb7c8105d6d5523,1990-10-04T00:00:00Z
4fd1c3d68eb7c8105d6f3378,1990-10-19T00:00:00Z
54034b577988105a0bd3f38b,2011-11-18T00:00:00Z
5488998b7988104c17459b94,2014-12-10T14:02:32Z
4fc0c91645c1498b0d47610a,1932-11-22T00:00:00Z
54012b3479881068a1948146,2011-09-20T00:00:00Z
515b8845fdc59278db00bffc,2011-11-22T00:00:00Z
4fd3a0cc8eb7c8105d8e6748,2011-08-30T11:39:09Z
548ea86c79881018ac4ba93f,2007-02-06T00:00:00Z
515b88c2fdc59278db00c097,2011-11-19T00:00:00Z
4fd19aca8eb7c8105d6ab1bf,1988-08-16T00:00:00Z
54c68fbd798810239ad252b6,2015-01-26T14:00:49Z
4fd19d2b8eb7c8105d6af323,1990-10-03T00:00:00Z
4fd1a51c8eb7c8105d6bdec8,1990-10-19T00:00:00Z
4fd1a5198eb7c8105d6bdc3f,1990-10-14T00:00:00Z
4fd1bb328eb7c8105d6e5f5c,1993-08-04T00:00:00Z
4fd1baa88eb7c8105d6e4d9b,1993-04-09T00:00:00Z
4fd1a5188eb7c8105d6bdb7f,1990-10-07T00:00:00Z
4fd175338eb7c8105d66a2e1,1987-11-11T00:00:00Z
5087280d95e998af71188b00,2012-10-16T00:00:00Z
4fd1b0948eb7c8105d6d1d08,1990-10-07T00:00:00Z
524b9b6b7988105ad44f5438,2013-10-02T00:02:24Z
512531d4cf28d009de001006,2013-02-21T00:00:00Z
4fd1a5158eb7c8105d6bd88b,1990-10-11T00:00:00Z
4fd1f8398eb7c8105d7541cb,1997-02-07T00:00:00Z
4fd1a86b8eb7c8105d6c45f0,1993-05-29T00:00:00Z
50f8b61700315214fbb85a83,2013-01-18T00:00:00Z
515b8727fdc59278db00bec9,2011-11-25T00:00:00Z
4fd11bf08eb7c8105d5d8338,1981-09-25T00:00:00Z
54b633ca79881025bee96400,2015-01-14T04:13:48Z
4fd1945a8eb7c8105d69f2f8,1990-10-20T00:00:00Z
4fc0d42445c1498b0d4a8b83,1932-06-29T00:00:00Z
4fd19d248eb7c8105d6aee3d,1990-10-11T00:00:00Z
4fd19b958eb7c8105d6ac5e0,1990-10-09T00:00:00Z
4fd1e0518eb7c8105d726e4e,1993-08-06T00:00:00Z
4fd1b09b8eb7c8105d6d222e,1990-10-04T00:00:00Z
4fd1a5178eb7c8105d6bda88,1990-10-16T00:00:00Z
54467616798810347c1a9a77,2010-05-24T00:00:00Z
546a00b97988101de50ed8d3,2009-04-30T00:00:00Z
4fd1fe568eb7c8105d75f27b,1997-05-02T00:00:00Z
54b5bb6979881025bee962aa,2015-01-13T19:40:58Z
4fd145c98eb7c8105d620782,1984-07-13T00:00:00Z
4fd11e2c8eb7c8105d5dc75c,1982-02-07T00:00:00Z
4fd11e938eb7c8105d5dd728,1982-03-17T00:00:00Z
4fd197088eb7c8105d6a494e,1990-10-20T00:00:00Z
4fd197088eb7c8105d6a4937,1990-10-20T00:00:00Z
52c367437988104830de73a5,2014-01-01T00:00:00Z
548ba71979881004157bbcbb,2007-06-22T00:00:00Z
4fd1a51d8eb7c8105d6be098,1990-10-15T00:00:00Z
4fd1a47c8eb7c8105d6bc97a,1991-07-01T00:00:00Z
548ba71979881004157bbcbb,2007-06-22T00:00:00Z
4fd179bf8eb7c8105d671767,1987-01-06T00:00:00Z
5496ae3f79881029b367dee9,2014-12-21T06:23:45Z
54b37cf579881019b02c25a6,2015-01-12T02:50:33Z
4fd1a5168eb7c8105d6bda2a,1990-10-09T00:00:00Z
4fd19cd78eb7c8105d6ae700,1990-10-11T00:00:00Z
5417bce879881018c378fdf2,2010-06-23T00:00:00Z
4fd196818eb7c8105d6a3ba4,1990-10-05T00:00:00Z
4fd1990e8eb7c8105d6a88c6,1990-10-22T00:00:00Z
4fd11d7d8eb7c8105d5dbaf9,1982-02-11T00:00:00Z
4fd1c6718eb7c8105d6f76e0,1995-02-03T00:00:00Z
515b526ffdc59278db008172,2012-06-11T00:00:00Z
515b8961fdc59278db00c163,2011-11-17T00:00:00Z
515b8e1dfdc59278db00c73f,2011-10-31T00:00:00Z
4fd1b15e8eb7c8105d6d37d5,1990-10-05T00:00:00Z
4fd1a51b8eb7c8105d6bde68,1990-10-03T00:00:00Z
4fd121d58eb7c8105d5e40fe,1981-02-06T00:00:00Z
4fd1b1628eb7c8105d6d3ad2,1990-10-04T00:00:00Z
4fd1b1628eb7c8105d6d3ad2,1990-10-04T00:00:00Z
4fd197128eb7c8105d6a4fac,1990-10-03T00:00:00Z
4fd1a51c8eb7c8105d6bdea9,1990-10-08T00:00:00Z
4fd1b8e18eb7c8105d6e1300,1993-04-09T00:00:00Z
512b6ac2cf28d009de001dba,2013-02-25T07:27:48Z
4fd1c6728eb7c8105d6f76f8,1995-02-03T00:00:00Z
4fd19cdd8eb7c8105d6aeafe,1990-10-19T00:00:00Z
4fd1a51b8eb7c8105d6bde77,1990-10-03T00:00:00Z
4fd1bb298eb7c8105d6e5992,1993-07-30T00:00:00Z
4fd19cd98eb7c8105d6ae802,1990-10-09T00:00:00Z
4fd19cdf8eb7c8105d6aec0e,1990-10-15T00:00:00Z
4fd187ac8eb7c8105d68746f,1989-02-05T00:00:00Z
4fd194628eb7c8105d69f8e2,1990-10-10T00:00:00Z
4fd199128eb7c8105d6a8c30,1990-10-05T00:00:00Z
4fd1d0828eb7c8105d70a3e8,1993-08-07T00:00:00Z
4fd1b0928eb7c8105d6d1b63,1990-10-09T00:00:00Z
515b8886fdc59278db00c050,2011-11-21T00:00:00Z
5401f6cd79881025dec00301,2011-10-11T00:00:00Z
4fc0b0ed45c1498b0d4078f5,1924-07-28T00:00:00Z
4fd1b23a8eb7c8105d6d541c,1990-10-08T00:00:00Z
4fd1a5158eb7c8105d6bd890,1990-10-11T00:00:00Z
4fd199148eb7c8105d6a8d87,1990-10-12T00:00:00Z
4fd1b09a8eb7c8105d6d20db,1990-10-08T00:00:00Z
4fd1b0968eb7c8105d6d1ea1,1990-10-12T00:00:00Z
4fd1b0968eb7c8105d6d1e80,1990-10-21T00:00:00Z
54af9b7079881022e94b3932,2015-01-09T04:09:17Z
4fc0927445c1498b0d379037,1922-12-24T00:00:00Z
4fd22c5c8eb7c8105d7b880d,2003-06-26T00:00:00Z
4fd1e0508eb7c8105d726d3f,1993-08-07T00:00:00Z
4fd199148eb7c8105d6a8d8b,1990-10-12T00:00:00Z
4fd199148eb7c8105d6a8d8b,1990-10-12T00:00:00Z
4fc0828545c1498b0d3313b6,1924-03-31T00:00:00Z
54b56e1d79881025bee9604e,2015-01-13T14:10:07Z
4fd209248eb7c8105d774b5e,1998-01-06T00:00:00Z
4fd170068eb7c8105d662615,1986-05-15T00:00:00Z
4fd135708eb7c8105d6065a5,1982-05-29T00:00:00Z
4fd19b6b8eb7c8105d6ac412,1990-01-28T00:00:00Z
4fd15d068eb7c8105d643eb6,1986-08-10T00:00:00Z
4fd1a51d8eb7c8105d6be086,1990-10-15T00:00:00Z
50d1f99100315214fbb801e0,2012-12-19T00:00:00Z
4fd1945f8eb7c8105d69f728,1990-10-05T00:00:00Z
4fc0c0ae45c1498b0d451529,1931-11-04T00:00:00Z
4fd2571a8eb7c8105d8012da,2005-02-08T00:00:00Z
4fc0c16845c1498b0d454b1b,1932-08-02T00:00:00Z
515a83edfdc59278db004f1f,2011-11-16T00:00:00Z
4fd277298eb7c8105d838803,2003-09-02T00:00:00Z
4fd23ba58eb7c8105d7d0632,2002-11-04T00:00:00Z
54758de6798810593e50e60d,2008-12-17T00:00:00Z
507c49e695e998af71184f27,2012-09-29T00:00:00Z
54461cc5798810347c1a92a0,2010-05-13T00:00:00Z
548ea86979881018ac4ba93d,2007-02-06T00:00:00Z
4fc0cd9945c1498b0d48be5b,1932-03-11T00:00:00Z
54db13167988107c0372bc3d,2015-02-11T00:00:00Z
5400e5a879881068a1947c02,2011-09-12T00:00:00Z
4fd2004a8eb7c8105d763096,1995-05-18T00:00:00Z
4fc1d2bd45c1498b0d4ae508,1933-07-01T00:00:00Z
4fd119fe8eb7c8105d5d376a,1981-12-17T00:00:00Z
4fd175368eb7c8105d66a4cd,1987-10-22T00:00:00Z
4fd128488eb7c8105d5ef32d,1982-11-10T00:00:00Z
543566f6798810520e354a1c,2014-10-08T12:09:56Z
543566f6798810520e354a1c,2014-10-08T12:09:56Z
54d1d7687988101ab1b3df37,2015-02-04T03:21:58Z
4fc0b95745c1498b0d42edee,1932-07-02T00:00:00Z
4fd27aa18eb7c8105d83f06f,2004-01-27T00:00:00Z
4fd1e25c8eb7c8105d72afd7,1997-10-04T00:00:00Z
4fc1d34e45c1498b0d4b0f70,1933-07-02T00:00:00Z
4fd1f06b8eb7c8105d746307,1996-05-10T00:00:00Z
4fd28e748eb7c8105d864cb0,2003-02-05T00:00:00Z
4fc0bda845c1498b0d443367,1932-02-19T00:00:00Z
4fd22c5b8eb7c8105d7b8760,2003-08-09T00:00:00Z
4fd14e478eb7c8105d62de15,1985-08-31T00:00:00Z
4fc0a54745c1498b0d3d075f,1928-12-12T00:00:00Z
515b8689fdc59278db00be0d,2011-11-28T00:00:00Z
4fd1536e8eb7c8105d635f9c,1984-08-07T00:00:00Z
4fd117d88eb7c8105d5cf71b,1981-12-24T00:00:00Z
4fc07c1745c1498b0d312eb3,1922-11-25T00:00:00Z
515b8766fdc59278db00bf0f,2011-11-27T00:00:00Z
515b91a0fdc59278db00cb7c,2011-10-19T00:00:00Z
54c18f8179881004ea410147,2015-01-22T19:00:31Z
4fd3a0658eb7c8105d8e58d9,2011-07-29T06:32:32Z
4fd2a4bb8eb7c8105d88ba3f,2009-10-08T00:00:00Z
4fd2571a8eb7c8105d8012e2,2005-02-08T00:00:00Z
4fd181248eb7c8105d67d2e2,1987-10-04T00:00:00Z
4fd182c48eb7c8105d67fb88,1987-09-23T00:00:00Z
545412927988106136a8b099,2009-07-17T00:00:00Z
548ea6d979881018ac4ba913,2007-02-06T00:00:00Z
515a81defdc59278db004df6,2011-11-22T00:00:00Z
4fd1267a8eb7c8105d5ed8ba,1982-11-19T00:00:00Z
5420aa4c7988104c4a501685,2010-11-16T00:00:00Z
531629a47988105d192fb725,2014-03-04T14:26:18Z
4fd23e518eb7c8105d7d486e,2004-09-08T00:00:00Z
518fb3b2fdc592464a00249e,2013-05-13T20:55:00Z
54ca2ed379881036118ed4fe,2015-01-29T07:56:12Z
4fd237d08eb7c8105d7ca8df,2002-06-20T00:00:00Z
4fd2127a8eb7c8105d788e0c,2002-02-05T00:00:00Z
5310f7047988107309012338,2014-02-28T00:00:00Z
4fc20d5f45c1498b0d5c5e50,1937-06-28T00:00:00Z
4fc1ea9f45c1498b0d5236f7,1935-10-28T00:00:00Z
5438373c7988104fa3cb1cdd,2010-02-03T00:00:00Z
4fd1536f8eb7c8105d636014,1984-11-23T00:00:00Z
4fd29b008eb7c8105d87a570,2003-10-21T00:00:00Z
4fd15bd58eb7c8105d64217a,1986-05-04T00:00:00Z
4fd2178b8eb7c8105d7932d3,2000-07-14T00:00:00Z
4fd191b08eb7c8105d699dfa,1990-01-27T00:00:00Z
4fd199128eb7c8105d6a8c33,1990-10-05T00:00:00Z
4fd148128eb7c8105d6242e5,1985-08-16T00:00:00Z
4fd1e0538eb7c8105d726ff1,1993-08-04T00:00:00Z
541112f779881060c5af8c50,2011-08-05T00:00:00Z
4fd1eb6e8eb7c8105d73c084,1995-08-23T00:00:00Z
4fd156538eb7c8105d63a941,1986-01-30T00:00:00Z
4fd14fcf8eb7c8105d63054b,1984-05-04T00:00:00Z
4fd136a88eb7c8105d608c3e,1984-03-20T00:00:00Z
54036c667988105a0bd3f46d,2011-11-22T00:00:00Z
4fc238b245c1498b0d6876de,1942-07-19T00:00:00Z
54c6901e798810239ad252bc,2015-01-26T14:05:21Z
5420bf497988104c4a50184b,2010-11-18T00:00:00Z
4fd3a1f88eb7c8105d8e95d6,2011-11-25T18:25:50Z
54591d867988102706843349,2009-12-03T00:00:00Z
54114b9579881060c5af9003,2011-08-12T00:00:00Z
4fd14c328eb7c8105d62ab3f,1985-04-20T00:00:00Z
4fd26ce88eb7c8105d825d74,2003-02-07T00:00:00Z
4fd19b9b8eb7c8105d6ac8bb,1990-10-30T00:00:00Z
4fd29f678eb7c8105d88311b,2004-03-16T00:00:00Z
4fd2358a8eb7c8105d7c6f9c,2002-05-16T00:00:00Z
504a78201c22dfde670bc8dc,2011-08-24T19:05:37Z
4fc0c46d45c1498b0d4624cc,1928-10-13T00:00:00Z
4fd1954d8eb7c8105d6a170b,1989-08-17T00:00:00Z
5469a20f7988101de50ed040,2009-04-20T00:00:00Z
4fd143108eb7c8105d61c1f8,1985-07-11T00:00:00Z
54d351087988105ae2aa8f01,2015-02-05T06:12:58Z
515a8672fdc59278db0050a6,2011-11-08T00:00:00Z
4fd21e628eb7c8105d7a0900,2001-02-28T00:00:00Z
5411048d79881060c5af8b41,2011-08-04T00:00:00Z
515a8924fdc59278db005237,2011-10-30T00:00:00Z
4fc410ca45c1498b0d8e85d5,1962-11-14T00:00:00Z
4fd1f3c68eb7c8105d74c01c,1995-11-19T00:00:00Z
4fd22c5d8eb7c8105d7b888e,2003-08-27T00:00:00Z
4fd14b7b8eb7c8105d629b92,1984-10-26T00:00:00Z
4fc0cff345c1498b0d496ab4,1932-06-30T00:00:00Z
4fd284bb8eb7c8105d854330,2005-07-13T00:00:00Z
54556df579881027affeee63,2009-08-26T00:00:00Z
4fd284bb8eb7c8105d854330,2005-07-13T00:00:00Z
4fd16f0b8eb7c8105d661463,1986-08-08T00:00:00Z
54101def798810138774a768,2011-05-25T00:00:00Z
4fc4948b45c1498b0da6ea80,1976-04-15T00:00:00Z
54b5247e798810566ec1a8c2,2006-06-18T00:00:00Z
54b53c32798810566ec1abd4,2015-01-13T10:38:16Z
548477347988106fd483e238,2007-08-22T00:00:00Z
4fd14eff8eb7c8105d62f228,1985-07-21T00:00:00Z
4fc479d645c1498b0d9fb428,1971-01-29T00:00:00Z
54a7e8b579881073e89147b8,2015-01-03T08:02:28Z
515b8f65fdc59278db00c8c3,2011-10-27T00:00:00Z
4fd227c98eb7c8105d7b058f,2003-01-16T00:00:00Z
4fd1bed88eb7c8105d6ec2e8,1995-06-17T00:00:00Z
4fd181998eb7c8105d67e154,1987-09-24T00:00:00Z
4fd210078eb7c8105d783956,1999-09-09T00:00:00Z
540fddd7798810138774a299,2011-03-01T00:00:00Z
541065a4798810138774acee,2014-09-11T00:00:00Z
4fd1c3c98eb7c8105d6f2dda,1991-01-31T00:00:00Z
54c6299c7988105533577a78,2015-01-26T06:45:06Z
4fc08bcf45c1498b0d359f41,1917-01-12T00:00:00Z
4fd22a788eb7c8105d7b57ba,2003-03-26T00:00:00Z
542490d979881017ba4e8624,2010-01-09T00:00:00Z
4fd241538eb7c8105d7d9eef,2005-01-26T00:00:00Z
4fd2a48a8eb7c8105d88afff,2004-08-06T00:00:00Z
4fd2706d8eb7c8105d82bfd8,2003-03-05T00:00:00Z
4fd19b6b8eb7c8105d6ac397,1990-03-06T00:00:00Z
4fd15c8f8eb7c8105d643960,1985-08-03T00:00:00Z
4fd13de58eb7c8105d614bc1,1984-08-16T00:00:00Z
4fd179af8eb7c8105d670d40,1987-03-26T00:00:00Z
4fd1730c8eb7c8105d6672d6,1986-08-05T00:00:00Z
4fd13de68eb7c8105d614c93,1984-09-12T00:00:00Z
54b773937988105eedbf9877,2015-01-15T02:59:32Z
4fd3a0dd8eb7c8105d8e6a55,2011-09-06T15:39:13Z
50cbc8e100315214fbb7f794,2012-12-14T06:00:35Z
4fd2801a8eb7c8105d84ac10,2004-09-23T00:00:00Z
4fd1825b8eb7c8105d67f7e6,1988-11-13T00:00:00Z
4fd154f78eb7c8105d6389bd,1986-07-15T00:00:00Z
5410e05879881060c5af88cb,2011-08-01T00:00:00Z
4fc0c59845c1498b0d466d57,1932-02-10T00:00:00Z
4fd120f18eb7c8105d5e219f,1982-05-27T00:00:00Z
4fd161658eb7c8105d64b977,1987-02-24T00:00:00Z
4fd18e4b8eb7c8105d693808,1989-10-25T00:00:00Z
53fdf4aa7988105fefe9b8b6,2014-08-28T00:00:00Z
4fd15ebf8eb7c8105d64703a,1986-08-17T00:00:00Z
4fc092dd45c1498b0d37aace,1922-11-16T00:00:00Z
5424770d79881017ba4e839c,2010-01-06T00:00:00Z
4fd2ab788eb7c8105d897fac,2006-02-07T00:00:00Z
515b8b8afdc59278db00c405,2011-11-09T00:00:00Z
5411a09879881060c5af9599,2011-08-23T00:00:00Z
4fd260f58eb7c8105d811876,2005-08-16T00:00:00Z
4fd22c578eb7c8105d7b84f4,2003-08-26T00:00:00Z
4fd1f1b58eb7c8105d74873f,1997-08-07T00:00:00Z
4fd1a71e8eb7c8105d6c1d2c,1990-12-07T00:00:00Z
4fd1874e8eb7c8105d6869d8,1987-08-20T00:00:00Z
4fc48eb145c1498b0da5577d,1975-11-26T00:00:00Z
4fd1bfe28eb7c8105d6ee1b1,1995-06-15T00:00:00Z
4fc1e3a345c1498b0d5017b8,1935-04-29T00:00:00Z
54588086798810533a8de632,2009-11-16T00:00:00Z
4fc1de0745c1498b0d4e5b33,1934-09-03T00:00:00Z
4fd168fd8eb7c8105d65879f,1987-01-05T00:00:00Z
5404b50579881012312c3cf8,2011-12-31T00:00:00Z
515b8895fdc59278db00c063,2011-11-20T00:00:00Z
4fc1f6d945c1498b0d55ee6a,1936-01-19T00:00:00Z
4fc0c16945c1498b0d454df3,1932-03-13T00:00:00Z
4fc48fdb45c1498b0da5a5ec,1975-08-11T00:00:00Z
544690fe79881004ee6278ab,2010-05-25T00:00:00Z
4fd1b1b78eb7c8105d6d4124,1991-11-30T00:00:00Z
4fd12cd58eb7c8105d5f7278,1983-01-26T00:00:00Z
54d087c979881045b45413c2,2015-02-03T03:30:58Z
4fc4a61345c1498b0dabb085,1980-08-27T00:00:00Z
4fc4a82145c1498b0dac432d,1980-03-26T00:00:00Z
4fd2571a8eb7c8105d8012e1,2005-02-08T00:00:00Z
548ed7ab79881018ac4bad96,2007-02-12T00:00:00Z
54cfe64379881045b4541240,2015-02-02T15:58:48Z
4fc47ad345c1498b0d9ff7cb,1971-06-29T00:00:00Z
4fc4777f45c1498b0d9efe84,1971-03-26T00:00:00Z
4fc4863f45c1498b0da313d8,1975-07-13T00:00:00Z
4fc4a0bf45c1498b0daa4828,1979-10-22T00:00:00Z
504a74f31c22dfde670bb0c2,2009-06-19T00:00:00Z
4fc0a13345c1498b0d3bcc58,1928-12-21T00:00:00Z
4fc0b6e645c1498b0d424b68,1931-06-17T00:00:00Z
4fc3c2fc45c1498b0d84240f,1958-05-01T00:00:00Z
515b7ef5fdc59278db00b61a,2011-12-22T00:00:00Z
4fd39f7b8eb7c8105d8e3826,2011-04-22T15:22:03Z
4fc48f2845c1498b0da57598,1975-09-03T00:00:00Z
5472705e7988103bd4a4b715,2009-02-04T00:00:00Z
4fd235268eb7c8105d7c69f8,2004-02-28T00:00:00Z
4fd246da8eb7c8105d7e2183,2003-10-11T00:00:00Z
5467e5af79881054c64b05ce,2009-02-15T00:00:00Z
54cfa8e479881002ee7b49b5,2015-02-02T11:39:07Z
547f1b657988107cec11c5f7,2014-12-04T00:00:00Z
515b8d15fdc59278db00c5e7,2011-11-04T00:00:00Z
4fd3a1df8eb7c8105d8e91c7,2011-11-22T10:49:02Z
4fd1c5258eb7c8105d6f547f,1994-11-16T00:00:00Z
4fd154f78eb7c8105d638986,1986-05-25T00:00:00Z
4fc0cc4b45c1498b0d485dea,1930-12-08T00:00:00Z
54aaf9667988106d7446d336,2015-01-05T15:51:20Z
4fd21ee18eb7c8105d7a1263,2002-09-06T00:00:00Z
4fd1e3528eb7c8105d72ce6e,1998-01-08T00:00:00Z
4fd1e5b58eb7c8105d73164e,1993-01-26T00:00:00Z
4fd1fe568eb7c8105d75f27a,1997-05-02T00:00:00Z
54bdd6cb7988103cf6190d20,2015-01-19T23:13:25Z
515b888afdc59278db00c055,2011-11-21T00:00:00Z
4fd140d38eb7c8105d6182cf,1983-12-11T00:00:00Z
4fd184f38eb7c8105d683cf4,1988-02-05T00:00:00Z
4fd160808eb7c8105d64a415,1985-03-14T00:00:00Z
54d654687988106fa4d5f7ef,2015-02-07T13:04:05Z
4fd1ec438eb7c8105d73d0a2,1995-10-27T00:00:00Z
4fd199608eb7c8105d6a9938,1989-01-10T00:00:00Z
515b8926fdc59278db00c11b,2011-11-18T00:00:00Z
515b722dfdc59278db00a705,2012-02-09T00:00:00Z
515b8913fdc59278db00c103,2011-11-18T00:00:00Z
515b8cc8fdc59278db00c577,2011-11-05T00:00:00Z
515b8d7ffdc59278db00c66d,2011-11-02T00:00:00Z
4fd254818eb7c8105d7fb653,2006-03-04T00:00:00Z
4fd27b008eb7c8105d83fe5a,2004-01-31T00:00:00Z
53f2f5c87988100caacfd7d1,2010-11-13T00:00:00Z
4fd17b758eb7c8105d673fc0,1987-04-05T00:00:00Z
54bc23927988107b57cc4d37,2015-01-18T16:17:35Z
4fd1c90d8eb7c8105d6fbbef,1994-11-11T00:00:00Z
4fd12cdb8eb7c8105d5f76ec,1983-01-07T00:00:00Z
4fd145748eb7c8105d6200d5,1983-04-16T00:00:00Z
4fd22e118eb7c8105d7bbad7,2003-06-25T00:00:00Z
4fd1dc8d8eb7c8105d71e2f9,1998-01-06T00:00:00Z
4fd1f29c8eb7c8105d749ff9,1995-06-22T00:00:00Z
4fd1b1228eb7c8105d6d3215,1991-08-16T00:00:00Z
4fd18fe58eb7c8105d6968cd,1989-12-23T00:00:00Z
4fd1f8c08eb7c8105d754675,1997-05-03T00:00:00Z
515b46c0fdc59278db007390,2012-07-28T00:00:00Z
54583d5a798810533a8de0a8,2009-11-09T00:00:00Z
4fd117028eb7c8105d5cdf91,1981-03-05T00:00:00Z
5122ab25cf28d009de00098f,2013-02-19T00:00:00Z
4fd24f168eb7c8105d7f180f,2004-01-27T00:00:00Z
4fd18d978eb7c8105d6923b2,1989-07-18T00:00:00Z
4fd15fdc8eb7c8105d6493b4,1986-02-24T00:00:00Z
4fd155518eb7c8105d638ccb,1984-11-25T00:00:00Z
4fd2004e8eb7c8105d763446,1995-06-14T00:00:00Z
4fd1d3df8eb7c8105d710753,1996-06-04T00:00:00Z
515a2c00fdc59278db001d1c,2012-07-31T00:00:00Z
4fd1f94a8eb7c8105d75636d,1997-05-02T00:00:00Z
4fd1c7cd8eb7c8105d6f9b1f,1996-04-26T00:00:00Z
4fd1a1c38eb7c8105d6b7984,1989-01-10T00:00:00Z
4fd39e8e8eb7c8105d8e176d,2011-02-16T12:59:19Z
4fc0d06945c1498b0d498c87,1931-08-28T00:00:00Z
5410f46079881060c5af8a1f,2011-08-02T00:00:00Z
4fd1f9448eb7c8105d755d92,1997-07-30T00:00:00Z
4fd1e57c8eb7c8105d730cd3,1998-02-03T00:00:00Z
515b8bf4fdc59278db00c46f,2011-11-08T00:00:00Z
4fd1d5358eb7c8105d712d0a,1997-07-30T00:00:00Z
5196a38646fdbf16b23030eb,2013-05-18T00:00:00Z
4fd1dade8eb7c8105d71b342,1997-01-28T00:00:00Z
4fd15bd18eb7c8105d641f13,1986-04-23T00:00:00Z
4fc49b4445c1498b0da8b7b8,1977-02-26T00:00:00Z
4fd16ed38eb7c8105d660fc3,1987-06-25T00:00:00Z
4fd1e57d8eb7c8105d730cfa,1998-01-06T00:00:00Z
4fc23a2945c1498b0d68edc7,1946-02-24T00:00:00Z
4fd17de08eb7c8105d6780bb,1988-10-29T00:00:00Z
4fd140398eb7c8105d617a46,1985-02-26T00:00:00Z
4fd24a4b8eb7c8105d7e8254,2005-02-09T00:00:00Z
4fd19d748eb7c8105d6af6ff,1991-02-06T00:00:00Z
4fd21ffb8eb7c8105d7a31f1,2002-11-19T00:00:00Z
515b8ad1fdc59278db00c32e,2011-11-11T00:00:00Z
4fd123fb8eb7c8105d5e8ab9,1982-06-10T00:00:00Z
4fd10f198eb7c8105d5c32a7,1980-06-16T00:00:00Z
4fd138f98eb7c8105d60c84a,1984-04-10T00:00:00Z
4fd1eeaa8eb7c8105d74249d,1997-02-07T00:00:00Z
4fd1fccd8eb7c8105d75c0a7,1997-02-07T00:00:00Z
54a6e81779881073e8913abf,2015-01-02T13:46:09Z
4fd1e3578eb7c8105d72d20c,1998-01-06T00:00:00Z
4fd1f9a38eb7c8105d756d38,1995-02-03T00:00:00Z
4fd1374f8eb7c8105d609c6a,1982-05-20T00:00:00Z
4fd204e38eb7c8105d76c9de,1998-01-06T00:00:00Z
4fd247238eb7c8105d7e2cce,2001-03-01T00:00:00Z
4fc4224845c1498b0d939b15,1965-07-01T00:00:00Z
4fc090ed45c1498b0d371b84,1923-01-07T00:00:00Z
4fd267118eb7c8105d81c1d6,2006-02-07T00:00:00Z
4fd206378eb7c8105d76eeb1,1996-01-12T00:00:00Z
5411ac917988106b6abec02e,2011-08-25T00:00:00Z
4fc479d545c1498b0d9fb31e,1971-01-09T00:00:00Z
4fc081a345c1498b0d32d485,1923-05-31T00:00:00Z
5411ac917988106b6abec02e,2011-08-25T00:00:00Z
4fc48ab345c1498b0da451d7,1975-10-01T00:00:00Z
4fd2916a8eb7c8105d86a3c4,2003-06-26T00:00:00Z
4fd191f08eb7c8105d69a571,1990-01-31T00:00:00Z
4fc4a52745c1498b0dab7183,1980-09-26T00:00:00Z
4fd1c5938eb7c8105d6f5f79,1994-05-11T00:00:00Z
4fd15dd78eb7c8105d64578b,1985-10-13T00:00:00Z
4fd28e768eb7c8105d864e84,2003-03-06T00:00:00Z
4fd24fd78eb7c8105d7f2e48,2006-02-07T00:00:00Z
5409f8d97988101836d96477,2011-01-23T00:00:00Z
540377897988105a0bd3f4b5,2011-11-23T00:00:00Z
4fd115c78eb7c8105d5cbde1,1980-09-22T00:00:00Z
4fd1dadb8eb7c8105d71b064,1997-02-07T00:00:00Z
4fc0b35445c1498b0d412d38,1931-04-18T00:00:00Z
4fd167d78eb7c8105d6567d4,1986-03-13T00:00:00Z
5400f48479881068a1947d2f,2011-09-14T00:00:00Z
4fd39f1c8eb7c8105d8e29a5,2011-04-18T20:14:38Z
4fd2571a8eb7c8105d8012e0,2005-02-08T00:00:00Z
54b039aa7988100e21965059,2015-01-09T15:24:05Z
4fd209248eb7c8105d774b41,1998-02-03T00:00:00Z
4fc0bedd45c1498b0d4497e1,1931-05-10T00:00:00Z
4fc1ea7245c1498b0d522f6c,1935-01-29T00:00:00Z
4fd12e188eb7c8105d5f9537,1983-06-22T00:00:00Z
4fd2523a8eb7c8105d7f7bec,2001-04-10T00:00:00Z
5481852f7988103739e180a4,2008-05-18T00:00:00Z
4fd196c18eb7c8105d6a4578,1989-10-25T00:00:00Z
4fd16e748eb7c8105d660db7,1987-09-09T00:00:00Z
4fc1e29d45c1498b0d4fcdf8,1935-02-07T00:00:00Z
4fd1fc638eb7c8105d75b8e7,1997-07-31T00:00:00Z
54b6726479881025bee964cf,2015-01-14T08:39:08Z
4fd1d03d8eb7c8105d7093ec,1997-05-03T00:00:00Z
514a039ffdc5926e77001344,2013-03-20T14:41:23Z
4fd23fc78eb7c8105d7d6e73,2003-05-01T00:00:00Z
4fd1dadb8eb7c8105d71b06d,1997-02-07T00:00:00Z
4fd3a18f8eb7c8105d8e84af,2011-11-21T13:07:20Z
515b7375fdc59278db00a866,2012-02-04T00:00:00Z
4fc0cd2645c1498b0d489c2a,1931-03-23T00:00:00Z
54af18f079881022e94b37b5,2015-01-08T18:45:26Z
4fd17daa8eb7c8105d677bc9,1989-02-07T00:00:00Z
545ae6097988106e4390bea7,2009-12-25T00:00:00Z
515a888efdc59278db0051e2,2011-11-01T00:00:00Z
4fc46ceb45c1498b0d9bfc82,1968-02-16T00:00:00Z
5050cb671c22dfde670c6172,2012-09-08T00:00:00Z
512810dfcf28d009de001869,2013-02-23T00:00:00Z
4fd210628eb7c8105d78491e,2001-03-01T00:00:00Z
4fd1c7cf8eb7c8105d6f9c5f,1996-05-10T00:00:00Z
4fd1363e8eb7c8105d607e90,1983-05-19T00:00:00Z
4fc1e7b645c1498b0d515676,1935-01-28T00:00:00Z
515a7b91fdc59278db004a52,2011-12-11T00:00:00Z
4fc4825745c1498b0da1fd92,1974-04-11T00:00:00Z
4fd154f38eb7c8105d63863d,1986-07-16T00:00:00Z
4fd144b28eb7c8105d61e92f,1984-05-31T00:00:00Z
54717ba879881070464774a5,2009-02-27T00:00:00Z
4fc3aaa745c1498b0d7d1c60,1954-03-28T00:00:00Z
54ae67e37988105cf6095d11,2006-07-12T00:00:00Z
4fc466b945c1498b0d9a1fb2,1968-12-14T00:00:00Z
50cb979f00315214fbb7f695,2012-12-14T00:00:00Z
4fc4275f45c1498b0d9517a6,1965-07-23T00:00:00Z
5420b9587988104c4a5017c9,2010-11-18T00:00:00Z
4fd16c8c8eb7c8105d65ec4a,1986-05-27T00:00:00Z
52eefa3579881075dca9e285,2014-02-03T00:00:00Z
4fd1ce2f8eb7c8105d706052,1995-06-14T00:00:00Z
4fc3d5c445c1498b0d89aa47,1958-10-02T00:00:00Z
4fc0373f45c1498b0d1d4163,1904-12-08T00:00:00Z
5034af311c22dfde670b6f7e,2012-08-22T06:00:58Z
4fd39d048eb7c8105d8dddd2,2010-11-13T15:39:25Z
4fc0c2a945c1498b0d45adc8,1932-12-16T00:00:00Z
51353594cf28d009de00364a,2013-03-04T16:05:33Z
54681e8c79881054c64b0ab0,2009-03-10T00:00:00Z
50871f8695e998af71186d16,2012-09-25T00:00:00Z
51470c44fdc5926e77000070,2013-03-15T00:00:00Z
515b4cf9fdc59278db007adf,2012-07-03T00:00:00Z
4fc1e30545c1498b0d4fea38,1934-03-06T00:00:00Z
4fc0c91345c1498b0d475c2d,1932-12-31T00:00:00Z
4fd39d3e8eb7c8105d8de4f4,2010-11-16T23:00:23Z
5466359b79881049c19039a3,2014-11-14T00:00:00Z
4fc4665e45c1498b0d9a0281,1968-12-15T00:00:00Z
4fc49f9045c1498b0da9f3dd,1976-05-10T00:00:00Z
51532830fdc5926e77002a69,2013-03-02T00:00:00Z
4fd39e2f8eb7c8105d8e0857,2011-01-08T09:30:39Z
4fd1b9f28eb7c8105d6e30e4,1990-05-16T00:00:00Z
4fc49dc045c1498b0da97281,1976-01-22T00:00:00Z
4fd20fdb8eb7c8105d78341f,1997-07-31T00:00:00Z
54cd1d2879881063e978c1a7,2015-01-31T13:17:16Z
4fc090ab45c1498b0d371045,1927-04-18T00:00:00Z
54b7f9277988101df2f2b1b7,2015-01-15T12:28:44Z
4fc46c7345c1498b0d9bd54f,1968-12-25T00:00:00Z
4fc4980745c1498b0da7d4ea,1976-01-22T00:00:00Z
4fc47a8b45c1498b0d9fe56e,1972-09-11T00:00:00Z
4fc213cb45c1498b0d5e33cd,1940-02-19T00:00:00Z
4fc2055345c1498b0d5a315d,1939-07-10T00:00:00Z
4fc0b0b345c1498b0d4066f5,1923-01-18T00:00:00Z
4fc48b6945c1498b0da4867b,1975-11-29T00:00:00Z
4fc4722045c1498b0d9d83e7,1970-10-29T00:00:00Z
4fc4725245c1498b0d9d93b4,1970-07-04T00:00:00Z
540742bf7988102ba0befb33,2011-08-03T00:00:00Z
549c16377988100306691161,2014-12-25T08:48:46Z
4fc477ef45c1498b0d9f1e52,1970-12-22T00:00:00Z
4fc0bc9b45c1498b0d43e638,1926-11-15T00:00:00Z
4fc4a17245c1498b0daa7b1b,1979-01-01T00:00:00Z
4fc478fe45c1498b0d9f704e,1971-11-24T00:00:00Z
515b698efdc59278db009ca9,2012-03-13T00:00:00Z
4fc49aae45c1498b0da89442,1977-07-06T00:00:00Z
4fd21d8c8eb7c8105d79e999,2002-07-13T00:00:00Z
4fc3ba9445c1498b0d81c3ba,1957-04-29T00:00:00Z
5.44417597988108e+23,2010-03-19T00:00:00Z
4fc0c4ec45c1498b0d464684,1928-12-20T00:00:00Z
54073bb27988102ba0befade,2011-08-31T00:00:00Z
4fc0a85f45c1498b0d3deb4d,1926-11-06T00:00:00Z
4fc4a08245c1498b0daa378c,1979-08-24T00:00:00Z
4fc0979f45c1498b0d391c08,1925-04-30T00:00:00Z
4fc088c745c1498b0d34b6ca,1925-12-19T00:00:00Z
4fc1e45245c1498b0d50500a,1936-07-20T00:00:00Z
4fc4706a45c1498b0d9d0173,1970-07-01T00:00:00Z
4fc49a2f45c1498b0da8699c,1980-05-25T00:00:00Z
548e2fbe79881018ac4b9dfc,2014-12-15T00:00:00Z
5485063479881040e1d4b28c,2014-12-09T00:00:00Z
4fc0b71945c1498b0d425509,1928-12-06T00:00:00Z
4fd1c9dc8eb7c8105d6fd75c,1991-05-31T00:00:00Z
515b8a31fdc59278db00c269,2011-11-14T00:00:00Z
5401a68a79881068a1948967,2011-10-02T00:00:00Z
4fc0862545c1498b0d3408e5,1920-07-09T00:00:00Z
4fc465ce45c1498b0d99d9b5,1967-01-25T00:00:00Z
4fc4047045c1498b0d8ad2bf,1960-12-03T00:00:00Z
4fc28b2645c1498b0d6edb8e,1948-12-15T00:00:00Z
4fc492ae45c1498b0da66d03,1975-08-29T00:00:00Z
4fd181938eb7c8105d67dbed,1987-08-05T00:00:00Z
5410fc8779881060c5af8ab0,2011-08-03T00:00:00Z
515b8918fdc59278db00c10a,2011-11-18T00:00:00Z
548e86eb79881018ac4ba630,2007-02-02T00:00:00Z
4fc0287145c1498b0d18fed7,1901-04-07T00:00:00Z
5421c3367988101d51327fa9,2010-12-30T00:00:00Z
4fc0c4f045c1498b0d464de8,1928-06-12T00:00:00Z
4fc4728945c1498b0d9da41e,1970-07-01T00:00:00Z
4fc2070645c1498b0d5aa426,1939-01-30T00:00:00Z
4fd197ef8eb7c8105d6a6dbc,1991-01-26T00:00:00Z
4fd1ab868eb7c8105d6c9fa5,1990-04-17T00:00:00Z
54afb4d679881022e94b398f,2015-01-09T05:58:14Z
4fc0cb0545c1498b0d47fa1d,1930-12-04T00:00:00Z
4fc0a75b45c1498b0d3da28b,1928-06-12T00:00:00Z
4fc4963045c1498b0da762db,1976-01-04T00:00:00Z
4fc1efca45c1498b0d53c42b,1936-06-05T00:00:00Z
54c0c9417988103f1e702c69,2015-01-22T04:55:04Z
4fd1389d8eb7c8105d60bdb6,1984-03-05T00:00:00Z
4fc4a17445c1498b0daa7f47,1979-11-05T00:00:00Z
4fc1e99a45c1498b0d51ec04,1936-06-04T00:00:00Z
54da3c307988107c0372b9c2,2015-02-10T12:10:48Z
4fd1990e8eb7c8105d6a897d,1990-12-12T00:00:00Z
4fd1945f8eb7c8105d69f73d,1990-09-25T00:00:00Z
4fc40b9145c1498b0d8d0709,1961-04-15T00:00:00Z
5443aca97988103ffb145bd9,2010-03-09T00:00:00Z
4fd1d2008eb7c8105d70ceee,1991-07-16T00:00:00Z
4fd110488eb7c8105d5c5ae3,1981-03-06T00:00:00Z
4fc40a2645c1498b0d8c9a5a,1961-08-15T00:00:00Z
4fc1df2145c1498b0d4eb8dc,1935-09-20T00:00:00Z
4fc48f2845c1498b0da575a6,1975-04-06T00:00:00Z
4fd175d28eb7c8105d66b550,1987-11-01T00:00:00Z
4fd172698eb7c8105d665f29,1987-09-23T00:00:00Z
4fc46f9645c1498b0d9cbe08,1970-10-19T00:00:00Z
4fc41c7d45c1498b0d91e93d,1962-01-22T00:00:00Z
4fd17f898eb7c8105d67ad03,1988-09-06T00:00:00Z
4fd11a428eb7c8105d5d47d3,1981-11-17T00:00:00Z
535f255279881046f3c421b8,1964-06-25T00:00:00Z
4fc09b3145c1498b0d3a285f,1925-10-29T00:00:00Z
4fc40bf845c1498b0d8d121f,1961-07-14T00:00:00Z
5012b2f91c22dfde670b2bf2,2012-07-27T11:21:19Z
540624fd7988104cb437f695,2011-01-05T00:00:00Z
4fd226a08eb7c8105d7aed66,1999-06-22T00:00:00Z
4fc2328045c1498b0d66bc39,1946-01-03T00:00:00Z
4fc2110145c1498b0d5d6ac8,1938-12-09T00:00:00Z
4fc1ecf145c1498b0d52eef9,1936-10-31T00:00:00Z
4fd22c0a8eb7c8105d7b7fa2,2003-04-15T00:00:00Z
541b673e7988100a1c65fc24,2010-10-07T00:00:00Z
4fd1521a8eb7c8105d6344ff,1985-10-31T00:00:00Z
548ea36779881018ac4ba8ca,2007-02-05T00:00:00Z
4fd176288eb7c8105d66bc24,1988-02-18T00:00:00Z
4fc1e5fa45c1498b0d50c603,1935-01-21T00:00:00Z
4fc1da5a45c1498b0d4d4326,1933-01-09T00:00:00Z
4fd1c3ce8eb7c8105d6f3066,1991-01-24T00:00:00Z
4fd196be8eb7c8105d6a4332,1989-10-28T00:00:00Z
4fc0cf4645c1498b0d49405e,1930-01-13T00:00:00Z
4fc0286745c1498b0d18f1dc,1900-01-26T00:00:00Z
4fc01fcf45c1498b0d167a9f,1898-03-28T00:00:00Z
4fc0294445c1498b0d192f63,1891-01-03T00:00:00Z
4fd1d0468eb7c8105d709b93,1997-06-21T00:00:00Z
4fc4219b45c1498b0d9364a2,1966-09-03T00:00:00Z
4fc3cc3c45c1498b0d86e0f9,1958-01-24T00:00:00Z
4fc2372e45c1498b0d680d39,1946-03-24T00:00:00Z
4fc0a71545c1498b0d3d8635,1929-07-15T00:00:00Z
547d96bc798810275e384b58,2008-02-05T00:00:00Z
4fd216c28eb7c8105d791983,1998-03-24T00:00:00Z
4fd198728eb7c8105d6a7a34,1988-06-05T00:00:00Z
4fd189348eb7c8105d689ff7,1987-11-20T00:00:00Z
4fd171998eb7c8105d665133,1987-10-29T00:00:00Z
4fd162618eb7c8105d64d676,1987-02-25T00:00:00Z
4fd169028eb7c8105d658bee,1987-01-28T00:00:00Z
4fc40f7945c1498b0d8e1f7b,1962-12-12T00:00:00Z
4fc0272445c1498b0d18a5a6,1895-08-31T00:00:00Z
5177e3c8fdc5920bc400014b,2013-04-22T18:23:47Z
4fd1aa448eb7c8105d6c7eb9,1989-09-23T00:00:00Z
4fc22e0f45c1498b0d65770e,1941-12-31T00:00:00Z
4fc08ac845c1498b0d35518c,1926-07-03T00:00:00Z
54d415e27988104052672827,2015-02-05T20:11:41Z
5484949a79881040e1d4a531,2007-08-25T00:00:00Z
4fc4830045c1498b0da22e4f,1972-11-21T00:00:00Z
4fc476a245c1498b0d9ebc34,1971-07-13T00:00:00Z
54cf5a1c79881002ee7b48d9,2015-02-02T06:02:58Z
4fd21f888eb7c8105d7a2614,2002-11-15T00:00:00Z
4fc0237045c1498b0d178adb,1898-12-09T00:00:00Z
4fc0316e45c1498b0d1b9bc3,1895-01-17T00:00:00Z
4fd1a5178eb7c8105d6bdb40,1990-09-23T00:00:00Z
4fd11af98eb7c8105d5d5e68,1981-10-03T00:00:00Z
4fc45fe745c1498b0d98115b,1967-09-20T00:00:00Z
4fc3d7e045c1498b0d8a4aea,1960-04-04T00:00:00Z
4fc3cc0245c1498b0d86d31d,1958-06-17T00:00:00Z
4fc3106545c1498b0d71f31d,1949-06-16T00:00:00Z
51ffe3c879881007d5901931,2013-08-05T13:35:02Z
5456dd5379881005d1b84338,2009-10-03T00:00:00Z
4fd1a1c58eb7c8105d6b7b0f,1989-01-27T00:00:00Z
4fd1a1c58eb7c8105d6b7b0f,1989-01-27T00:00:00Z
4fd189348eb7c8105d689fc9,1988-01-28T00:00:00Z
4fd178e78eb7c8105d67012f,1987-03-01T00:00:00Z
4fc3ce5045c1498b0d878186,1959-07-01T00:00:00Z
4fc1e0ba45c1498b0d4f332e,1935-03-11T00:00:00Z
4fd3a3968eb7c8105d8ed0c4,2012-02-27T17:15:11Z
4fc1f88645c1498b0d566e70,1935-11-14T00:00:00Z
4fd16c308eb7c8105d65dc26,1987-04-08T00:00:00Z
54bfcd987988106587ea63cc,2015-01-21T10:59:55Z
54b3cd8379881019b02c3019,2006-05-12T00:00:00Z
4fc0d26545c1498b0d4a20a5,1932-11-17T00:00:00Z
4fd1f8c68eb7c8105d754c12,1997-05-09T00:00:00Z
4fc48dbe45c1498b0da51632,1975-08-28T00:00:00Z
54cdfb4379881063e978c325,2015-02-01T05:07:11Z
54cfb2b679881045b4541193,2015-02-02T12:22:47Z
540ccc3f7988100d2d57e55a,2011-04-15T00:00:00Z
4fc1f73e45c1498b0d560af9,1937-04-08T00:00:00Z
4fc0cbac45c1498b0d482b8b,1930-11-22T00:00:00Z
4fc0b5dc45c1498b0d41f70a,1931-06-03T00:00:00Z
54b791167988105eedbf9900,2015-01-15T05:03:51Z
54cf321579881002ee7b4876,2015-02-02T03:12:30Z
4fd17ff18eb7c8105d67b897,1987-09-27T00:00:00Z
4fd19b9c8eb7c8105d6ac999,1990-09-09T00:00:00Z
4fc0763445c1498b0d2f7421,1921-10-08T00:00:00Z
4fd1c3048eb7c8105d6f1dba,1996-01-08T00:00:00Z
4fc4863d45c1498b0da311e8,1975-04-11T00:00:00Z
4fc1f47945c1498b0d553389,1935-12-01T00:00:00Z
5475a3f5798810593e50e80e,2008-12-19T00:00:00Z
4fd24c0c8eb7c8105d7eb1c4,2004-02-03T00:00:00Z
4fc03ca945c1498b0d1edf8c,1899-11-14T00:00:00Z
541853ae79881018c3790bb2,2010-07-09T00:00:00Z
515b8866fdc59278db00c02c,2011-11-21T00:00:00Z
4fc0816545c1498b0d32bb08,1921-08-25T00:00:00Z
4fc4751745c1498b0d9e4908,1971-07-02T00:00:00Z
4fc1fdf045c1498b0d58020a,1937-12-17T00:00:00Z
4fc08d8145c1498b0d3625bd,1921-09-02T00:00:00Z
4fd119ae8eb7c8105d5d3121,1981-07-01T00:00:00Z
4fc1e58e45c1498b0d50a959,1935-08-10T00:00:00Z
4fc0ccb545c1498b0d4878ab,1931-09-05T00:00:00Z
4fc47e7b45c1498b0da0ff42,1972-01-10T00:00:00Z
4fc4742f45c1498b0d9e03dd,1970-11-25T00:00:00Z
4fc314dd45c1498b0d7359d4,1950-07-01T00:00:00Z
4fc098e045c1498b0d397f94,1921-04-03T00:00:00Z
4fc3b30745c1498b0d7f8763,1955-08-19T00:00:00Z
4fc1f4a945c1498b0d553fd8,1935-05-16T00:00:00Z
54b6e0e17988105eedbf969f,2015-01-14T16:32:58Z
4fc4988b45c1498b0da7fcbb,1979-12-20T00:00:00Z
54b5585879881025bee95d52,2015-01-13T12:36:20Z
4fc07e0a45c1498b0d31c92d,1921-12-22T00:00:00Z
4fd262888eb7c8105d81470d,2002-02-14T00:00:00Z
4fc1f02d45c1498b0d53de83,1937-07-02T00:00:00Z
4fd26ced8eb7c8105d826159,2003-01-30T00:00:00Z
4fd2370e8eb7c8105d7c966a,2000-07-22T00:00:00Z
4fd1f45c8eb7c8105d74d57e,1995-11-17T00:00:00Z
4fd1e9738eb7c8105d737e67,1995-05-19T00:00:00Z
515b8b36fdc59278db00c3a0,2011-11-10T00:00:00Z
4fbfee8545c1498b0d0822d3,1872-09-10T00:03:58Z
547f0bf67988107cec11c490,2014-12-03T06:10:45Z
4fd1c8168eb7c8105d6fa0fe,1993-03-11T00:00:00Z
4fd196bb8eb7c8105d6a40c7,1989-10-22T00:00:00Z
4fd1f83a8eb7c8105d7542a1,1997-02-05T00:00:00Z
4fd11eed8eb7c8105d5de7b9,1982-05-04T00:00:00Z
4fd1bedf8eb7c8105d6ec808,1995-05-19T00:00:00Z
54b5cdba79881025bee962d7,2015-01-13T20:58:01Z
54a3860e7988102761d6d12e,2006-10-01T00:00:00Z
4fc4774845c1498b0d9eec20,1970-12-29T00:00:00Z
4fc083f045c1498b0d3362c4,1925-02-21T00:00:00Z
4fd227d28eb7c8105d7b0da3,2003-01-30T00:00:00Z
4fd227d28eb7c8105d7b0dac,2003-01-30T00:00:00Z
5457887779881005d1b8522a,2009-10-22T00:00:00Z
4fc083f045c1498b0d3362c4,1925-02-21T00:00:00Z
5457887779881005d1b8522a,2009-10-22T00:00:00Z
4fd1884d8eb7c8105d688702,1989-02-05T00:00:00Z
51c093057988106fb966553b,2013-06-19T00:00:00Z
4fd1b1628eb7c8105d6d3a91,1990-10-17T00:00:00Z
4fd13bb28eb7c8105d6118af,1984-11-11T00:00:00Z
54cc935979881027ae29e009,2015-01-31T03:30:00Z
4fd26cee8eb7c8105d826257,2003-02-04T00:00:00Z
4fd186e68eb7c8105d6862a3,1988-11-28T00:00:00Z
4fd175c28eb7c8105d66aadc,1987-12-23T00:00:00Z
4fc0c91745c1498b0d476247,1932-02-06T00:00:00Z
4fd2571a8eb7c8105d8012cd,2005-02-08T00:00:00Z
4fd23cf68eb7c8105d7d2e0a,2002-11-21T00:00:00Z
5147beeefdc5926e77000c5a,2013-03-19T00:00:00Z
54cbafa779881068566a1327,2015-01-30T11:16:04Z
4fd153eb8eb7c8105d637237,1986-04-20T00:00:00Z
4fd1941c8eb7c8105d69f29d,1990-07-17T00:00:00Z
4fd16b2d8eb7c8105d65c581,1986-02-06T00:00:00Z
4fd270718eb7c8105d82c325,2003-02-04T00:00:00Z
4fc0d1c945c1498b0d49ef96,1932-06-23T00:00:00Z
545747d979881005d1b84c8c,2009-10-15T00:00:00Z
4fd22cbb8eb7c8105d7b9119,2002-02-05T00:00:00Z
4fd1c1708eb7c8105d6f0794,1995-11-20T00:00:00Z
4fd2396d8eb7c8105d7cd412,2002-11-21T00:00:00Z
4fd16c3a8eb7c8105d65e4c8,1987-05-05T00:00:00Z
54b5eaba79881025bee96359,2015-01-13T22:59:50Z
4fc0d1c945c1498b0d49ef96,1932-06-23T00:00:00Z
547f5fb77988105a33db53b5,2014-12-03T14:07:58Z
515b89a7fdc59278db00c1bd,2011-11-16T00:00:00Z
515a8c77fdc59278db00542b,2011-10-19T00:00:00Z
4fd18fe78eb7c8105d6969e7,1989-12-19T00:00:00Z
4fc1e08345c1498b0d4f227c,1934-12-05T00:00:00Z
54769d9b798810357102fd72,2008-08-09T00:00:00Z
4fd1ef0c8eb7c8105d742deb,1995-03-01T00:00:00Z
4fd3a1698eb7c8105d8e809a,2011-11-18T19:27:15Z
540b7e957988105a10ca837b,2011-03-08T00:00:00Z
5454040e7988106136a8af45,2009-07-16T00:00:00Z
4fd144af8eb7c8105d61e698,1984-04-01T00:00:00Z
4fd160378eb7c8105d6497c2,1985-02-07T00:00:00Z
54b5535b79881025bee95ca1,2015-01-13T12:15:35Z
5.44471717988108e+23,2010-03-27T00:00:00Z
4fd160378eb7c8105d6497c2,1985-02-07T00:00:00Z
541990907988106440c9a2d0,2010-08-15T00:00:00Z
4fd192f98eb7c8105d69c6c8,1989-04-04T00:00:00Z
4fd203748eb7c8105d769c99,1996-01-04T00:00:00Z
4fd14e478eb7c8105d62de1b,1985-07-10T00:00:00Z
4fd1a86b8eb7c8105d6c460a,1993-06-26T00:00:00Z
5467ccda79881054c64b0390,2009-02-28T00:00:00Z
4fd1e7fc8eb7c8105d735ab0,1999-02-02T00:00:00Z
4fd15fdb8eb7c8105d6492cf,1985-12-19T00:00:00Z
4fd15b238eb7c8105d641297,1986-02-06T00:00:00Z
54113f0979881060c5af8f1c,2011-08-11T00:00:00Z
4fd16a5e8eb7c8105d65ae24,1987-05-29T00:00:00Z
4fd124c18eb7c8105d5ea230,1982-07-20T00:00:00Z
4fd24f0e8eb7c8105d7f10cf,2004-02-03T00:00:00Z
4fd1d03d8eb7c8105d7093ed,1997-05-03T00:00:00Z
4fc48f2a45c1498b0da57748,1975-04-23T00:00:00Z
4fd3a4088eb7c8105d8ee339,2012-04-03T06:00:55Z
4fd28f5c8eb7c8105d8665e7,2003-05-01T00:00:00Z
4fd262888eb7c8105d814718,2002-02-14T00:00:00Z
4fd270718eb7c8105d82c326,2003-02-04T00:00:00Z
4fd1e9748eb7c8105d737ee4,1995-06-14T00:00:00Z
545446917988106136a8b535,2009-07-23T00:00:00Z
4fd1f2a08eb7c8105d74a3a4,1995-06-14T00:00:00Z
4fd39d6f8eb7c8105d8ded9d,2010-11-11T13:09:08Z
546ae0cb7988106d5f62724e,2009-05-22T00:00:00Z
4fd1ec448eb7c8105d73d0aa,1995-10-27T00:00:00Z
54209e867988104c4a50156d,2010-11-14T00:00:00Z
4fd11aaf8eb7c8105d5d5656,1981-08-20T00:00:00Z
4fd20dc08eb7c8105d77eac4,1999-01-04T00:00:00Z
4fd16a078eb7c8105d65a75e,1986-02-06T00:00:00Z
535f4e6879881046f3c4477e,1964-07-22T00:00:00Z
54a9f05f79881040cba0f457,2015-01-05T00:00:00Z
4fd24bb38eb7c8105d7ea8c5,2004-02-03T00:00:00Z
4fd1ef0c8eb7c8105d742d82,1995-03-03T00:00:00Z
4fd39f808eb7c8105d8e3840,2011-04-02T16:41:27Z
528eb8c9798810427e86938f,2013-11-22T00:00:00Z
4fd22cb18eb7c8105d7b89f1,2002-02-15T00:00:00Z
504a74ae1c22dfde670bae99,2009-02-26T19:55:20Z
541b7ccc7988100a1c65fe1e,2010-10-09T00:00:00Z
5452fad47988101196a58c92,2009-06-17T00:00:00Z
4fd2127a8eb7c8105d788e0d,2002-02-05T00:00:00Z
4fd122808eb7c8105d5e59c2,1982-03-20T00:00:00Z
4fd282728eb7c8105d84fce9,2002-11-21T00:00:00Z
4fd1379b8eb7c8105d60a546,1982-08-13T00:00:00Z
4fd206d28eb7c8105d7709f8,2001-04-10T00:00:00Z
4fc0cc8145c1498b0d486c52,1930-11-15T00:00:00Z
51d23e867988106fb9668348,2013-07-02T00:00:00Z
4fd1bbcb8eb7c8105d6e6c26,1995-03-02T00:00:00Z
50be626200315214fbb7d646,2012-12-04T00:00:00Z
544306237988103ffb144e05,2010-02-19T00:00:00Z
4fc4845245c1498b0da28f3f,1972-01-28T00:00:00Z
540193e079881068a1948813,2011-09-30T00:00:00Z
4fd201f78eb7c8105d7671a2,1995-11-18T00:00:00Z
4fd201f48eb7c8105d766f3c,1995-10-28T00:00:00Z
547aa2fc7988101f1558aae5,2008-11-30T00:00:00Z
540d0b557988100d2d57e974,2011-04-25T00:00:00Z
4fd1437f8eb7c8105d61c922,1984-03-10T00:00:00Z
4fd1d1808eb7c8105d70c28f,1995-11-14T00:00:00Z
4fd164ef8eb7c8105d651dc2,1986-10-19T00:00:00Z
54b25225798810617c69ab0a,2015-01-11T05:33:48Z
547d9bbb798810275e384bc8,2008-02-05T00:00:00Z
4fc492ad45c1498b0da66cbf,1975-10-15T00:00:00Z
4fd110458eb7c8105d5c5897,1981-04-11T00:00:00Z
5101ec7e00315214fbb8703d,2013-01-25T00:00:00Z
54759ace798810593e50e743,2008-12-18T00:00:00Z
546502ca7988101671e42150,2014-11-13T14:11:00Z
4fd16d8b8eb7c8105d66057e,1986-07-22T00:00:00Z
5436ea2479881057847f99b5,2010-01-20T00:00:00Z
54b80eee7988101df2f2b214,2015-01-15T14:00:21Z
4fd203748eb7c8105d769c4a,1996-01-08T00:00:00Z
4fd39f4c8eb7c8105d8e333b,2011-04-05T12:30:45Z
4fc4a2d945c1498b0daad2b3,1977-01-01T00:00:00Z
548390a37988106fd483ca50,2008-08-16T00:00:00Z
548370f77988106fd483c6d5,2008-07-31T00:00:00Z
540359c17988105a0bd3f3fe,2011-11-20T00:00:00Z
4fc3c69d45c1498b0d85319e,1958-07-22T00:00:00Z
536d7c7d7988102f0a43a355,2014-05-10T00:00:00Z
4fd1a2df8eb7c8105d6b982d,1989-04-20T00:00:00Z
4fc478fc45c1498b0d9f6d96,1971-12-01T00:00:00Z
4fc4678245c1498b0d9a5d9a,1968-09-27T00:00:00Z
533014fb7988100fb55d248b,2014-03-21T00:00:00Z
4fd2a5dd8eb7c8105d88d973,2005-02-08T00:00:00Z
4fc1ec5945c1498b0d52c18c,1934-01-12T00:00:00Z
4fd141868eb7c8105d619ae1,1983-01-06T00:00:00Z
4fd2925b8eb7c8105d86ae1c,2011-07-10T00:00:00Z
4fd17acd8eb7c8105d6731d1,1988-08-20T00:00:00Z
4fd18e968eb7c8105d694110,1990-01-25T00:00:00Z
4fd25bbf8eb7c8105d8094de,2002-01-23T00:00:00Z
4fd1908a8eb7c8105d6977a4,1990-01-31T00:00:00Z
540b92867988105a10ca84c8,2011-03-10T00:00:00Z
4fc4602e45c1498b0d982ba3,1967-07-01T00:00:00Z
4fd39ead8eb7c8105d8e1a8a,2011-02-18T15:23:07Z
4fd18d998eb7c8105d6925db,1989-08-18T00:00:00Z
4fc4958145c1498b0da73391,1977-03-11T00:00:00Z
4fd176d18eb7c8105d66cf66,1987-12-22T00:00:00Z
4fd116328eb7c8105d5ccecd,1980-11-21T00:00:00Z
4fc48d0f45c1498b0da4e898,1975-03-24T00:00:00Z
5310fdba798810730901278d,2014-02-28T15:37:31Z
4fd26c778eb7c8105d82551a,2003-01-30T00:00:00Z
4fd1456d8eb7c8105d61faa2,1983-04-20T00:00:00Z
4fc4a61445c1498b0dabb0ec,1980-03-05T00:00:00Z
50fedfda00315214fbb86739,2013-01-23T00:00:00Z
4fd39d848eb7c8105d8df0d7,2010-11-16T15:12:22Z
4fc076eb45c1498b0d2fa992,1921-12-04T00:00:00Z
4fd23cf38eb7c8105d7d2be4,2002-11-15T00:00:00Z
4fd22aae8eb7c8105d7b5936,2002-02-02T00:00:00Z
4fd197128eb7c8105d6a5009,1990-10-19T00:00:00Z
4fd1908a8eb7c8105d69779d,1990-01-31T00:00:00Z
